Paris,24821
London,6617
,6234
Amsterdam,4407
Londres,1925
Lipsiae,1507
"La Haye",1426
"Lugduni Batavorum",1270
Venezia,1232
Leipzig,1093
Madrid,1087
"Genève",1005
Berlin,980
Parisiis,941
Roma,770
Lyon,762
Romae,739
"Trajecti ad Rhenum",686
Amsteldam,651
Bruxelles,505
Avignon,494
Ven,490
Firenze,487
Napoli,473
Ienae,441
"Halae Magdeburgicae",384
Londini,383
Rouen,379
Argentorati,353
Nancy,348
Dublin,323
Utrecht,322
Helmstadii,307
Lausanne,304
Valencia,277
Stockholm,274
"Nürnberg",269
Gottingae,268
Francofurti,257
"Augustae Vindelicorum",253
Wien,250
Vitembergae,249
Hamburg,231
Halle,226
Strasbourg,223
Milano,220
Dijon,220
"Saint-Pétersbourg",216
Rotterdam,214
Lisboa,213
Toulouse,212
Bologna,209
Amstelaedami,209
"Kiøbenhavn",198
Frankfurt,191
Jenae,190
Edinburgh,189
"Göttingen",188
Padova,185
"Liège",185
Florentiae,180
Viennae,174
Norimbergae,170
Cologne,167
"Zürich",165
Tubingae,165
Amstelodami,165
Patavii,163
Neapoli,163
Oxonii,162
Lucca,161
Franequerae,157
Vindobonae,155
Torino,155
Mediolani,155
Leyden,151
Lut,150
Upsaliae,148
Barcelona,147
Verona,144
Bordeaux,144
Hamburgi,143
Erlangae,137
Carlsruhe,137
"Francofurti ad Moenum",135
Halae,132
Genevae,132
Parma,130
"Den Haag",127
M,126
Lille,124
Go,124
Franckfurt,123
Altorfii,120
Bouillon,117
Gravenhage,115
Rome,112
@,111
"Orléans",110
Lugduni,107
Marseille,106
Leiden,103
Groningae,103
Rennes,101
Parigi,101
Francfort,97
Dresden,95
Montpellier,93
Mannheim,93
Basle,93
"Neuchâtel",91
Berolini,91
Oxford,90
France,89
"Liége",87
Londra,86
Hafniae,85
Brescia,82
Berne,82
Caen,81
Leide,80
"Viennae Austriae",79
"Besançon",79
Glasguae,78
Yverdon,77
Lovanii,77
"Hagae Comitum",77
"Coloniae Agrippinae",77
Angers,77
Nismes,76
Cantabrigiae,75
Aix,75
Vienne,74
Reims,74
Edinburg,74
Augsburg,74
Grenoble,73
Glasgow,73
Coloniae,71
Dresde,70
Erfurt,69
Moscou,66
Bononiae,66
Regensburg,65
Lubecae,65
"Frankfurt am Main",65
Braunschweig,64
Basileae,64
Riga,62
P,62
Jena,62
Dresdae,62
Biponti,62
Modena,61
Havniae,61
Hannover,61
"Francofurti ad Viadrum",61
"Königsberg",60
Maestricht,59
Leovardiae,59
Holmiae,59
"Franckfurt am Mayn",59
Bremae,59
Leyde,57
Haarlem,56
Gotha,56
Ulm,55
Lemgo,55
Giessae,55
Copenhague,55
Bassano,55
Ingolstadii,54
Constantinople,54
Amiens,54
Wittenbergae,53
Veronae,53
Troyes,53
Poitiers,52
Palermo,52
"Lisboa occidental",52
Bern,52
Weimar,51
Livorno,51
Brussel,51
Lucae,50
"Kjøbenhavn",50
Edinburgi,49
Venise,48
Tiguri,48
Wittebergae,47
Rostochii,47
Vratislaviae,46
Nantes,46
Bonnae,46
Antverpiae,46
Versailles,45
"München",45
Genova,45
Ratisbonae,44
Pragae,44
"Trévoux",43
Kopenhagen,43
Hambourg,43
"Frankfurt am Mayn",43
Vitebergae,42
"Neufchâtel",42
Monachii,42
"Marburgi Cattorum",42
Erfordiae,42
Auxerre,42
Augspurg,42
Turin,41
Harderovici,41
Gothae,41
Dordrecht,41
Bresslau,41
"Tübingen",40
"Halae Magdeb",40
Brixiae,40
Wirceburgi,39
Ulmae,39
Soissons,39
Moguntiae,39
Coburgi,39
Bruxellis,39
Breslau,39
Sevilla,38
Monspelii,38
Marburgi,38
Brunsvigae,38
Vicenza,37
Pesaro,37
Bonn,37
Anvers,37
Altenburg,37
Lemgoviae,36
Leidae,36
Bergamo,36
Altenburgi,36
"W Warszawie",35
Turici,35
Siena,35
Matriti,35
Luxembourg,35
"Augustae Taurinorum",35
Regiomonti,34
Hanoverae,34
"Halle im Magdeburgischen",34
Ferrara,34
Chartres,34
Basel,34
Strassburg,33
Erlangen,33
Aboae,33
Wittenberg,32
Philadelphie,32
Lausannae,32
"Halae Salicae",32
Clermont-Ferrand,32
Avenione,32
Altona,32
Stockholmiae,31
Pisa,31
Magdeburgi,31
Gedani,31
Altdorfii,31
Stuttgart,30
Philadelphia,30
Parmae,30
Middelburg,30
Mantova,30
Gryphiswaldiae,30
Cambridge,30
Bremen,30
Birmingham,30
"Vienne en Autriche",29
Prag,29
"México",29
Louvain,29
"Londres (Paris",29
Lisbonne,29
Helmaestadii,29
Hannoverae,29
Gissae,29
Franckfurth,29
"Coloniae Allobrogum",29
Cassel,29
Upsala,28
Sens,28
Nuremberg,28
Leodii,28
Altdorf,28
Rostock,27
Naples,27
Montauban,27
Leeuwarden,27
"La Rochelle",27
Copenhagen,27
Zurich,26
Panormi,26
Mannhemii,26
Mainz,26
Magdeburg,26
"Lieux divers",26
Kehl,26
"In's Gravenhage",26
Toul,25
"St-Pétersbourg",25
Regenspurg,25
Mons,25
Dressden,25
Augustae,25
Tours,24
Heidelbergae,24
Bernae,24
"Sans lieu",23
Pisis,23
Nanceii,23
Iena,23
Hauniae,23
Dilingae,23
"Chambéry",23
"Altorfii Noricorum",23
Wratislaviae,22
Wittembergae,22
Giessen,22
Gandavi,22
Dessau,22
Arras,22
W,21
Varsaviae,21
Tyrnaviae,21
Paris),21
Noribergae,21
Milan,21
Lima,21
Hagae-Comitum,21
Florence,21
Douay,21
Delft,21
Brest,21
Amberes,21
Oxoniae,20
"Nîmes",20
Neuchatel,20
"Helmstädt",20
"the Savoy",19
Vittembergae,19
Vinegia,19
Vercelli,19
Potsdam,19
Pavia,19
"Lübeck",19
"La Haie",19
Ferrariae,19
"Duisburgi ad Rhenum",19
"Bâle",19
"Amsterdam (Paris",19
"Édimbourg",18
Vienna,18
Salamanca,18
Posonii,18
Marburg,18
Limoges,18
"København",18
Helmstedt,18
Frankfurth,18
Faenza,18
Dublinii,18
Colmar,18
Bath,18
"St. P",17
Rintelii,17
"Münster",17
Mexico,17
Divione,17
Cadomi,17
Tournay,16
"T'Amsterdam",16
Suisse,16
"Halae Magdeburg",16
Delphis,16
Coimbra,16
Coburg,16
Calcutta,16
Boston,16
Bambergae,16
"Augustae Vind.",16
Wienn,15
Warrington,15
Strasburg,15
Scuol,15
Parme,15
Noyon,15
"Londini Gothorum",15
Leipsick,15
"Jérusalem",15
Groningen,15
Brugge,15
Blois,15
Augsbourg,15
York,14
"Wolfenbüttel",14
Varsovie,14
"Trajecti Batavorum",14
Salisburgi,14
Rotomagi,14
Nizza,14
Mosquae,14
"Lunéville",14
"Harderovici Gelrorum",14
Guelpherbyti,14
Fontenoy,14
"Coloniae Munatianae",14
"Typis San-Blasianis",13
Schneebergae,13
Rotterodami,13
Nymegen,13
Malines,13
Macerata,13
Lucernae,13
Loven,13
Helmestadii,13
Hardervici,13
"Halle an der Saale",13
Graecii,13
Graavenhaage,13
Gand,13
Fermo,13
Duaci,13
Danzig,13
"Cythère",13
Cremona,13
Cosmopoli,13
Cesena,13
Andegavi,13
Vinariae,12
Quedlinburgi,12
Pisauri,12
Perpignan,12
"Lisboa Occidental",12
Langensalza,12
Kiliae,12
Isenaci,12
"Halae Saxonum",12
Haerlem,12
Greifswald,12
"Compiègne",12
Chemnitz,12
Chaalons,12
Carpentras,12
Bastia,12
Bassani,12
"Aux Deux-Ponts",12
Antwerpen,12
"Alençon",12
"Åbo",11
Verdun,11
V,11
Tulle,11
Taurini,11
Strawberry-Hill,11
Schwabach,11
Rothomagi,11
Roterdam,11
Perugia,11
Pamplona,11
Montargis,11
"Londres (Amsterdam",11
Lipsia,11
Lincii,11
"Leon de Francia",11
"Le Caire",11
"Köln",11
"Kostantiniyye [Istanbul",11
Kilonii,11
Harlingae,11
Ferney,11
Dresda,11
Douai,11
Dantisci,11
"Béziers",11
Birminghamiae,11
"Augustae Vindel.",11
Arezzo,11
Anspach,11
"Züllichau",10
Valenciennes,10
Ultrajecti,10
Tolosae,10
Soleure,10
Pictavii,10
Pau,10
"Nápoli",10
Nordhausen,10
Neufchatel,10
Messina,10
Longosalissae,10
"Lieux divers ?",10
Laon,10
Hoorn,10
Harlem,10
Gerae,10
"Frankfurt an der Oder",10
Flensburg,10
Europe,10
Etonae,10
Daventriae,10
Colonia,10
Bonna,10
Bayreuth,10
Baville,10
Altonae,10
"Altdorfii Noricorum",10
Zutphaniae,9
Zaragoza,9
Wolffenbuttelae,9
Witembergae,9
Winterthur,9
Styrae,9
Senlis,9
Saint-Quentin,9
Saint-Omer,9
"Rotenburgi ad Tub",9
Riom,9
Passy,9
"Paris ?",9
Olisipone,9
Mitaviae,9
Mi,9
Manila,9
Manheim,9
Livourne,9
Liburni,9
Leipsic,9
"Leidae Batavorum",9
Hirschbergae,9
Helmstadt,9
Halberstadt,9
"Halae ad Salam",9
"Halae Venedorum",9
"Göttingue",9
Gendt,9
Frankenthal,9
Faventiae,9
Erlang,9
Eisenach,9
Constantiae,9
"Châlons-sur-Marne",9
Carolsruhae,9
Brusselles,9
Bruges,9
Boulogne,9
Batavia,9
"Athènes",9
Arnstadt,9
"Amsterdam (Rouen",9
Altorphii,9
Alcmariae,9
Agripinae,9
"s'Gravenhage",8
Zwolle,8
Zelle,8
Villefranche,8
Uppsala,8
Udine,8
Stutgardiae,8
Stendal,8
"Siéclopolie",8
Senis,8
Sedini,8
Schneeberg,8
Quemper,8
Piacenza,8
Pedeponti,8
Noviomagi,8
Mende,8
Maastricht,8
Luneburgi,8
Liege,8
L,8
Hildesiae,8
Hanau,8
"Hagae Comitis",8
Freyberg,8
Francohusae,8
"Franckfurt an der Oder",8
"Francfort sur le Meyn",8
Deventer,8
"Cölln",8
"Châlons",8
Cagliari,8
Brusselas,8
Brunsvici,8
Berna,8
Bayeux,8
Barcinone,8
Aureliae,8
Arnhemiae,8
Arles,8
Argentinae,8
Alkmaar,8
Zuric,7
Warszawie,7
"W Wilnie",7
"Vienne en Autriche : chez Jean Pierre Van Ghelen",7
Trento,7
"Trajecti ad Mosam",7
Ticini,7
Suobaci,7
Stuttgardiae,7
Stutgart,7
"Sorøe",7
Salonique,7
Salisbury,7
Rodez,7
Remis,7
Ratisponae,7
"Pékin",7
Port-au-Prince,7
Parisiis),7
Onolzbach,7
Norimberga,7
Neomagi,7
Mutinae,7
"Monasterii Westphalorum",7
"Lüneburg",7
"Luteciae Parisiorum",7
Luques,7
"Lugduni in Batavis",7
Lugano,7
Lingae,7
Liegnitz,7
"Leodii ac Antverpiae",7
"Le Mans",7
Langres,7
"Kiöbenhavn",7
"Holmiæ",7
Hollande,7
Hildesheim,7
Hildburghausen,7
Harlingen,7
Gratianopoli,7
"Genève (Paris",7
Geneve,7
"Fribourg en Suisse",7
Francof.,7
Francfort-Leipsig,7
Eton,7
Erfurti,7
Cambrai,7
"Bésiers",7
"Bruyères",7
Brusselle,7
Bristol,7
Brandenburg,7
Bourg-en-Bresse,7
"Bezançon",7
Bergomi,7
Bamberg,7
Autun,7
Ancona,7
"Zweybrücken",6
Wimariae,6
Villefranche-de-Rouergue,6
Valladolid,6
Urbini,6
Upsalis,6
"Téhéran",6
"Tot Brugge",6
Stadae,6
St-P,6
Sassari,6
Roterodami,6
Ravenna,6
Quimper,6
Quedlinburg,6
Pressburg,6
Prague,6
Porto,6
Pestini,6
Paphos,6
Osimo,6
Oeniponti,6
Numburgi,6
Noviomi,6
Nijmegen,6
"Monasterii Westphaliae",6
"Lugduni Batav",6
"Lipsiae recusa",6
"Kostantiniye [Istanbul",6
"Kassán",6
Gryphiae,6
Gravenhaage,6
Giessae-Hassorum,6
"Franckfurth am Mayn",6
Francfort-sur-le-Mein,6
Flensburgi,6
Ex,6
Edimbourg,6
Dole,6
Delf,6
"Cöllen",6
Catania,6
Carpentoracti,6
"Cap-Haïtien",6
Campis,6
Cambray,6
Caesenae,6
Budissae,6
Brugghe,6
Biel,6
Avranches,6
"Aux Délices",6
Aurelianis,6
"Augustae Vindel",6
Augusta,6
Auch,6
"Au Parnasse",6
"Amsterdam. In-12. -XcD-VIIIb-",6
"Amsterdam (Genève",6
"Altorfii Noric",6
Altonaviae,6
Al,6
Aix-en-Provence,6
"Évreux",5
Witebergae,5
Wezlariae,5
Westminster,5
"W Lipsku",5
Vittebergae,5
"Vienne en Autriche : dans l'impr. de J. L. N. de Ghelen",5
"Vienne en Autriche : dans l'impr. de Ghelen",5
"Vienna d'Austria",5
Vesuntione,5
Vesontione,5
Vercellis,5
Utrech,5
"Ulyssipone occidentali",5
"Trajecti ad Viadrum",5
"Tiguri Helv",5
Sulzbach,5
"Suivant la copie imprimée à Londres",5
Strals,5
"Stadt am Hof",5
Sorau,5
Sestos,5
Sedan,5
Saumur,5
Salzburgi,5
Saint-P,5
"S. l",5
"S'Gravenhage",5
Rudolstadii,5
Roveredo,5
Rover,5
Reggio,5
Ratisbonne,5
Provins,5
"Printed at Strawberry-Hill",5
Posonyban,5
Offenbach,5
"New York",5
Narbonne,5
"Mâcon",5
Munich,5
Mitau,5
Mexici,5
Memphis,5
Mechliniae,5
Manhemii,5
Malta,5
Malaga,5
Madras,5
Luxemburgi,5
Lugduni-Batavorum,5
"Lugduni Bat",5
"Londres [i.e. Paris",5
Lisbona,5
Leopoli,5
Lauzanne,5
Lauban,5
"La Haye (Paris",5
"Köln am Rheine",5
Kiel,5
"Iruñean",5
Ipris,5
"Insulis Flandrorum",5
"Imprimé à Rouen",5
"Hoolum i Hialltadal",5
Holland,5
Heydelberg,5
"Herbornae Nassaviorum",5
Helmstaedt,5
Heidelberg,5
Hanoviae,5
"Halae Magd",5
"Gênes",5
Gorinchem,5
Glogau,5
Gerona,5
"Gattières",5
Fuligno,5
Fribourg,5
Freibergae,5
Francfurt,5
Francfort-sur-le-Meyn,5
Francfort-Leipzig,5
"Francfort en foire",5
Fossombrone,5
Finale,5
Edimburgi,5
Dusseldorff,5
Dunkerque,5
Dordrechti,5
Deux-Ponts,5
Dantzig,5
"Curiae Regnitianae",5
Cracoviae,5
Coutances,5
"Coloniae Augustae Agrippinensium",5
Colle,5
Charleville,5
"Cap Haïtien",5
Campidonae,5
Cadiz,5
Budae,5
Brugis,5
Bourges,5
Berlino,5
"Berlin (Paris",5
Beauvais,5
Bayonne,5
Barby,5
Bar-le-Duc,5
Bagatelle,5
"Aux Indes",5
"Aux Enfers",5
"Augustae Trevirorum",5
Asti,5
Arnhem,5
Amsterdamo,5
"Amsterdam (i.e. Paris",5
Abbeville,5
"Épinal",4
"t'Amsterdam",4
"t'Amsteldam",4
"s' Gravenhage",4
Zwollae,4
"Zweibrücken",4
Yorck,4
Westphalie,4
Warszawa,4
Vlissingen,4
Vittenbergae,4
"Vitembergae ad Albim",4
Vire,4
Valentiae,4
Utregt,4
"Upsaliæ",4
"Téhéran)",4
Tubingue,4
Tridenti,4
Tournai,4
Toulon,4
"Séville",4
Stougard,4
"Stockholm och Upsala",4
"St P",4
Spinali,4
Spa,4
Sondershusae,4
Siracusa,4
Servestae,4
Segovia,4
Schaffhausen,4
"Sankt P",4
Saint-Malo,4
"S. P",4
Rochefort,4
Reading,4
Ratopolis,4
"Québec",4
Pozsonyban,4
Porrentruy,4
"Pont-à-Mousson",4
Pistoia,4
Partout,4
Paris?,4
Pari,4
Pappenheim,4
Padoue,4
Orihuela,4
Onoldi,4
"Nördlingen",4
Nordhusae,4
Nice,4
Newport,4
"Newcastle upon Tyne",4
Nevers,4
"Neufchâteau",4
"Neuchâtel [i. e. Paris",4
Nemausi,4
Moulins,4
Montefiascone,4
Messanae,4
Medioburgi,4
Mechelen,4
Meaux,4
Massiliae,4
Marsiglia,4
Mantuae,4
"Lugduni apud Batavos",4
"Lugduni Bat.",4
Lubeck,4
Lovani,4
Lons-le-Saunier,4
Londre,4
Lindaugiae,4
Lichfield,4
Leipzic,4
Leipsik,4
"Le Havre",4
"La Flèche",4
"L'Orient",4
Koppenhagen,4
Karlsruhe,4
"K. Polis",4
"Höxter",4
Hof,4
Hildburghusae,4
Helmstat,4
Heilbronnae,4
Harlemi,4
Hage,4
"Görlitz",4
Guastalla,4
Graz,4
Gottingen,4
Goslariae,4
Gorizia,4
Glascow,4
"Giessae Hassorum",4
Ghendt,4
Gelopoli,4
Fulginei,4
Fulda,4
Fridericostadii,4
"Friburgi Brisgoviae",4
"Freyburg im Breisgau",4
Frankfurt-am-Mayn,4
"Francofurti cis Viadrum",4
"Francfort sur le Mein",4
Foligno,4
Eustadii,4
Cuera,4
Cremonae,4
Cracovie,4
Commercy,4
"Coloniæ-Allobrogum",4
"Coloniae Ubiorum",4
Collimbriae,4
Coira,4
Cibinii,4
Chemnicii,4
Chalon,4
Cervariae,4
Cassellis,4
Carcassonne,4
Calissii,4
Cadix,4
Brunswigae,4
Bernburg,4
"Berlin (Genève",4
Bergerac,4
Basil,4
"August. Vindel.",4
"Au donjon du chasteau",4
Athen,4
"Amsterdam [i. e. Paris",4
"Altorphii Noricorum",4
"Altorphii Noric",4
Altorfi,4
"Agra (Paris) ?",4
Abo,4
"Éleuthéropolis",3
"the Savoy (London",3
"la Haye",3
"cent lieues de la Bastille (London",3
Zyrich,3
Yverdun,3
"Würzburg",3
"Wrocław",3
Worms,3
"Wolffenbüttel",3
Wolfenbutteli,3
Wolfenbuttelae,3
Witterbergae,3
"Wittebergae Saxonum",3
Wirzburg,3
Winchester,3
Wilnie,3
Williamsburg,3
Wesel,3
Weissenfelsae,3
Wahlheim,3
"Vittembergae Saxonum",3
"Vitembergae recusa",3
Vilnae,3
"Vienne en Autriche : chez J. P. Van Ghelen",3
Vich,3
Vevey,3
Vesaliae,3
"Veneunt Parisiis",3
Vannes,3
"Valentiae Ed",3
Valence,3
Upsal,3
Tunis,3
"Tulli Leucorum",3
Tronhiem,3
Trevigi,3
"Trańkabār",3
Tranquebariae,3
Trajecti-ad-Rhenum,3
"Trajecti Viltorum",3
"Tot Gendt",3
"Tot Brussel",3
Tolosan,3
Tarvisii,3
"T'Amsteldam",3
"Sybérie",3
"Sur l'édition italienne de 1776",3
"Sur l'imprimé",3
Sultzbach,3
"Suivant la copie de Paris",3
"Suisse (Paris",3
Stutgard,3
Straeda,3
Stokolm,3
Stivagii,3
Stendaliae,3
St.-P,3
"St. Pétersbourg",3
"St Pétersbourg",3
Speyer,3
Speier,3
"Se vend à Toulouse",3
Sardanapalis,3
Sanktp,3
Salzburg,3
Sainte-Menehould,3
Saint-Diez,3
Saint-Brieuc,3
"Roveredo (Venezia",3
"Rotenburgi ad Tubarim",3
Rhedonis,3
Reuttlingen,3
Ragusa,3
"Pézenas",3
"Pétersbourg",3
"Pondichéry",3
Pistorii,3
Pistoja,3
Pfoertenae,3
Pampelune,3
Pamiers,3
Padoa,3
Ostende,3
Osnabrugae,3
Nurnberg,3
Norwich,3
Nivelles,3
Naumburg,3
Nann,3
Namur,3
"Málaga",3
Montmartre,3
Monachi,3
Misenae,3
Memmingen,3
"Meißen",3
"Maëstricht",3
Mayence,3
Lynn,3
"Lugdum Batavorum",3
"Lugd. Bat",3
"Ludguni Batavorum",3
Lucques,3
Lor,3
"Londres [Paris",3
"Londres : [s. n",3
"Londres (Lausanne",3
Londoni,3
Lisbonae,3
Lione,3
Lindaviae,3
"Leïpsick",3
Leypsic,3
Leida,3
Leeds,3
"Le Havre-de-Grâce",3
"Le Havre de Grâce",3
"Le Cap",3
"Lausanne (Paris",3
"La Puebla",3
"La Haye [i.e. Paris",3
Konigsberg,3
Kobenhavn,3
Kassel,3
Irocopolis,3
Ipre,3
"Imprimée par exprès commandement de Sa Majesté",3
"Imprimé à Vienne",3
Herbipoli,3
Haya,3
Harderwyck,3
Hanover,3
"Halle im Magdeburg",3
Halberstadii,3
Halae-Magdeburgicae,3
"Halae Herm",3
"Götheborg",3
Guelferbyti,3
Greiffswald,3
Granada,3
Goudae,3
Gouda,3
Goa,3
Glogoviae,3
Glasgua,3
Ginevra,3
"Genève [i.e. Paris",3
Genf,3
Fuldae,3
Freystadt,3
"Frankfurth an der Oder",3
Frankfurt-am-Main,3
Frankenhausen,3
Franeker,3
"Franckfurt am Main",3
Franckenhausen,3
"Francfurt am Mayn",3
Forli,3
Flexiae,3
Evora,3
Erfurth,3
Duisburg,3
Dort,3
Dendermonde,3
Criticomanie,3
Costantz,3
Cosmopolis,3
Cosenza,3
Coppenhagen,3
Constantinopoli,3
"Constantinople (Paris",3
"Colocae (",3
Colmariae,3
Coblentz,3
Clignancourt,3
"Château-Gontier",3
"Châlons-en-Champagne",3
Christiania,3
Chester,3
Chemnitii,3
Chaumont,3
Cervera,3
Cellerina,3
Cavaillon,3
Castel-Paul,3
"Caprées",3
Calais,3
Cacopolis,3
Byruthi,3
Burlington,3
Budissin,3
"Brünn",3
Brunswick,3
Brunae,3
Biturigibus,3
"Berlin (Leyde",3
Berg-op-Zoom,3
Bayonan,3
Basiliae,3
Baruthi,3
Ballard,3
Autissiodori,3
Aurillac,3
"August. Vind.",3
"Au Port-au-Prince",3
"Au Palais-Royal",3
"Au Mans",3
Arnstadii,3
Arcadie,3
Annecy,3
Anneci,3
"Amsterdam [i.e. Paris",3
"Amsterdam (Avignon",3
Amersfoort,3
"Agripinae (Londres",3
Agen,3
"'S Gravenhage",3
"Կ. Պոլիս",2
"à Paris",2
"w Warszawie",2
"the Savoy [London",2
paris,2
"oppido Sancti-Deodati",2
"oppido Sancti Deodati",2
"la nouvelle Cithéropolis",2
"l'isle de Bourbon",2
"l'Isle de Bourbon",2
"l'Hermitage",2
Zwickau,2
Zurigo,2
Zittau,2
Zernez,2
Zerbst,2
Zegvelt,2
Zagrabiae,2
"Wrocław (Breslau",2
"Wolffenbüttelae",2
Wolffenbuttelii,2
Wolffenbuttel,2
Wittembergue,2
Wismar,2
Westmonasterii,2
"Westeräs",2
Warsovie,2
Warschau,2
Wallerstein,2
"W. Wilnie",2
"W. Warszawie",2
"W Wrocławiu",2
"W Krakowie",2
Viviers,2
"Vitry (-le-François",2
Vitry,2
Viterbo,2
Vitemb.,2
Vismariae,2
"Vis-à-vis Fontenoy",2
Vindoboniae,2
Vincennes,2
"Villefranche de Haute-Guienne",2
Ville-Franche,2
Villagarsiae,2
Viborg,2
Veropolis,2
Venzia,2
Venitiis,2
"Veneunt in n",2
Velitris,2
Varsavia,2
Utreche,2
"Utrech [i.e. Utrecht",2
"Usecht al Reno",2
"Ulyssipone Occidentali",2
Ultrecht,2
Tyrnoviae,2
"Typis princ. monast. S. Blasii",2
Tutellae,2
Tugii,2
Trieste,2
Trangambariae,2
"Trajectiad Rhenum",2
"Trajecti ad Rhen",2
Toulouso,2
"Tot Gend",2
Tolosa,2
"Ticini regii",2
"Ticini Regii",2
Thiboust,2
"Sées",2
Syracusis,2
Syracuse,2
Sylvanecti,2
Svobaci,2
"Sur l'imprimé à Paris",2
"Sur l'imprimé à Marseille",2
"Sumpt. monasterii benedictoburani",2
"Suivant la copie imprimée à Paris",2
Stuttgard,2
Strada,2
"Stolbergae ad Hercyniam",2
"Stockholm och Upsal",2
"Stampa in Scuol",2
"St.-Pétersbourg",2
"St. Pi",2
St,2
Soltquellae,2
Solothurn,2
Sneebergae,2
Smyrne,2
Slesvici,2
"Selon la copie de Paris",2
"Selon l'original imprimé a Bouillon 1761. Chez Pierre Limier",2
"Se vend aux isles Ste-Marguerite",2
"Schwäb. Hall",2
Schweidnitz,2
Schuls,2
Schleswig,2
Scaphusii,2
Satyricomanie,2
Sampaloc,2
Saltzburg,2
Salerne,2
Salamanticae,2
Sagii,2
"S. Malo",2
Rupellae,2
Rouen?,2
Roseau,2
Rinteln,2
Rimino,2
Rigae,2
"Rhotomagi [sic",2
Revaliae,2
Reutlingen,2
Remiremont,2
"Regiomonti Prussorum",2
"Recusae Lubecae",2
"Recusa Helmstadii",2
"Recusa Helmaestadii",2
"Recusa Halae Magdeburgicae",2
Ratisbona,2
Rastatt,2
"Quai de Gêvres",2
"Péronne",2
"Pueblo de Sampaloc",2
Puebla,2
Potzdam,2
"Posonyban és Kassán",2
Poschiavo,2
Portsmouth,2
"Port-Louis (Mauritius",2
Placentiae,2
Pise,2
"Philadelphia printed",2
"Pays de Vaud",2
Pavie,2
Parts,2
Paris],2
"Paris : M. Lambert",2
Parie,2
Papiae,2
Pampelona,2
Palmyra,2
"Palmae Balearium",2
Palestrina,2
Palerma,2
Palaeo-St,2
Paderbornae,2
Oxfort,2
"Osnabrück",2
Osford,2
"On s'abonne à Paris",2
Oldenbourg,2
"Offenbach am Mayn",2
Oesterreich,2
Oeniponte,2
Odense,2
Ochsenfurti,2
Nuys,2
"Nulle part",2
Norinbergae,2
Niort,2
Newark,2
Neuwied,2
"Neufchâtel (Genève",2
Neowedae,2
Neocastri,2
Nanci,2
Nagy-Szombatban,2
"Münster in Westphalen",2
Murcia,2
Munchen,2
Moscuae,2
Moropolis,2
Monza,2
Montreal,2
"Montauban ?",2
Montalbani,2
Monaco,2
Miseni,2
Messine,2
Melitae,2
Meldorf,2
"Medioburgi Zelandorum",2
Maynz,2
Mastricht,2
Massa,2
Mannheimii,2
Manchester,2
Mahon,2
"Madrid [i.e. Paris",2
"Luxembourg (sur la copie imprimée à Paris",2
"Luxembourg (Paris",2
"Lugduni Batavorum (Naples",2
Lugani,2
Luca,2
Losanna,2
"Londres [i. e. Paris",2
"Londres [i. e. Genève",2
"Londres [i. e. Amsterdam",2
"Londres [Amsterdam",2
"Londres : chez J. Brotherton : W. Innys and J. Richardson : R. Ware [",2
"London. 2 vol. in-8°",2
Londinii,2
Londin,2
Lond,2
Loeraci,2
"Lodève",2
Lodi,2
Lispiae,2
Lisieux,2
Lipsioe,2
Lips.,2
Lion,2
Linz,2
Lingonis,2
Lindau,2
"León de Francia",2
Lewarde,2
Leucop,2
Lemovicis,2
"Le Puy",2
Laybach,2
Lautern,2
"Lausannae Helv",2
Lausanna,2
Lausane,2
Lauenburg,2
Laubae,2
Langensaltza,2
Lampsaque,2
"Lagduni Batavorum",2
"Köln am Rhein",2
Kleve,2
"Kjöbenhavn",2
"Kiøbenhaven",2
Kiobenhavn,2
"Kiliae Holsatorum",2
"Kensbergâ",2
Kempten,2
Kell,2
Kaupenhafn,2
"Juxta exemplar Amsterodami",2
"Justa exemplar Londinense anni 1665",2
Jesi,2
Jersey,2
Jaurini,2
Istanbul,2
"Iruñeco",2
Irunean,2
Ipres,2
"In's Hage",2
"Imprimée à Capoue",2
"Imprimé à cent lieues de la Bastille",2
"Imprimé à Lyon",2
"Imprimé à Constantinople",2
"Imprimé à ***",2
"Imprimé par exprès commandement de Sa Majesté",2
"Imprimé d'un coup de bagu",2
"Impr. de Moscou",2
"Impensis Academiae imperialis scientiarum p",2
Ilfeldae,2
Idstein,2
Hostiliae,2
Hersfeldiae,2
Hersfeldae,2
Hersfeld,2
Hereford,2
"Helmstadii Saxonum",2
Helmstadi,2
Heilbronn,2
Harderwyk,2
"Hardervici Gelrorum",2
Hamburgh,2
Hallae,2
Hall,2
"Halae propter Salam",2
"Halae Saxon",2
"Halae Sax",2
Hague,2
"Hage Comitum",2
"Hagae in Batavis",2
"Hagae comitis",2
Hagae,2
Hadervici,2
"Göttingae",2
"Götheberg",2
"Gröningen",2
"Grätz",2
Grypeswaldiae,2
Groningue,2
Grimae,2
Graavenhage,2
Gorinchemi,2
Goes,2
Glascuae,2
Glaris,2
"Giessae Cattorum",2
Giesen,2
Germanien,2
Gera,2
"Genève] : [s. n",2
"Genève [i. e. Rouen",2
"Genève Paris",2
"Genève (Londres",2
"Genève (Amsterdam",2
Geneva,2
Gdansk,2
Gap,2
"Gallipoli de Calabre",2
"Fürth",2
Furnes,2
Fulginiae,2
Friedrichstadt,2
Frascati,2
Frankofurti,2
"Frankfurth am Mayn",2
Frankfurt-Leipzig,2
Franekerae,2
Francopoli-Ruthenorum,2
"Francofurti ad Mogum",2
"Francofurti ad Maenum",2
"Francoforti ad Moenum",2
"Francof. ad Viadrum",2
Francfort-sur-le-Mayn,2
"France (Paris",2
Franc.,2
Fontainebleau,2
Firmi,2
Fiorenza,2
Fesney,2
"Ex regio Parmensi typographio",2
Etchmiadsin,2
Embrun,2
Elbingae,2
"Edinburgh and London",2
"Edinburg (sic",2
Edinbourg,2
Edimburgh,2
Edimburg,2
"Ebroduni in Helv",2
"Düsseldorff",2
"Düsseldorf",2
Dusseldorp,2
Dusseldorf,2
Duisburgi,2
Duisbourg,2
"Dublin printed",2
Dortm,2
"Dordrecht en Amsterdam",2
Dordraci,2
"Divione [Dijon",2
Dessaviae,2
David,2
Darmstadt,2
"Cöthen",2
"Cölln am Rhein",2
"Córdoba",2
"Césarée",2
"Cádiz",2
"Cythéropolis",2
"Curiae Variscorum",2
Culmbach,2
Criticopolis,2
Corte,2
Cork,2
Cordoba,2
Copenhaven,2
Constantz,2
Constance,2
Conimbricae,2
"Coloniae ad Rhenum",2
"Coloniae Allobrogorum",2
"Colonia e Francoforte",2
Colombo,2
Cologny,2
"Cologne (M",2
Coblenz,2
Clostercamp,2
"Clermont en Auvergne",2
Clermont,2
Chelsea,2
"Charleville-Mézières",2
Charlestown,2
Chambord,2
Chalons,2
Celle,2
Cellae,2
Catanae,2
Catalauni,2
"Cassán",2
Cassoviae,2
Casale,2
Carlsrouh,2
Canterbury,2
Calvomonti,2
Calsruhe,2
Cahors,2
"Büdingen",2
"Bâville",2
"Bury St. Edm",2
"Bury St Edm",2
Burgos,2
Burdigalae,2
Bulogna,2
Budingae,2
Budapest,2
Bu,2
"Bruxelles [i.e. Paris",2
Brussellas,2
Bruselas,2
Brigae,2
Borna-Leipzig,2
Bologne,2
Blesis,2
Birminghamae,2
Bilbili,2
"Besanc̜on",2
Bernes,2
"Berlino e Strals",2
"Berlin (i.e. Paris",2
Bergen-op-Zoom,2
Bergami,2
Benevento,2
Beloeil,2
Belfast,2
Beaune,2
Basilea,2
Banaduz,2
Bagnol,2
Avignone,2
"Avignon (Paris",2
"Aux Champs Elisées",2
Auricae,2
"Augustoriti Pictonum",2
Augustae-Vindelicorum,2
"Augustae Eburonum",2
"Au Monomotapa",2
"Au Havre de grâce",2
"Au Havre de Grâce",2
"Au Grand-Caire",2
Assisii,2
Ascoli,2
Aquisgrani,2
"Antverpiae (Rothomagi",2
"Antverpiae (Rhotomagi",2
Ansbach,2
"Anneci [sic",2
Annapolis,2
"An Bregogne",2
Amterdam,2
Amsterdsam,2
"Amsterdam [Paris",2
"Amsterdam (sic",2
"Amsterdam (i. e. Paris",2
"Amstelædami",2
Amsteledami,2
Amboise,2
Ambergae,2
Amberg,2
"Altorfii Norimbergensium",2
"Altorfii Nor",2
Altorf,2
Altonavii,2
Altenbourg,2
Allemagne,2
Alessandria,2
"Alençonii",2
Aix-la-Chapelle,2
"Ai Dioni",2
"A. Origenie",2
"С. Петебургъ",1
"Þryckt aa Hoolum",1
"Île-de-France",1
"Étrurie",1
"Épidaure",1
"Éphèse",1
"Édinbourg",1
"¨Paris",1
"typographia Bassanensi",1
"te Amsteldam",1
"t'Antwerpen",1
"t' Amsterdam",1
"t' Amsteldam",1
s.l,1
"s'Hage",1
"s'Graavenhaage",1
"monasterio benedictino-casinate S. Jacobi Pontidae Agri Bergomatis",1
"lieux divers ?",1
"la porte de Chaillot",1
"la Vérité",1
"la Neuveville (Genève",1
"la Isla de León",1
"la Halvilavergerricomique",1
"la Grenouillère",1
"la Fontaine Cocquerelle",1
"la Cour",1
"la Caroline",1
"l'hermitage de St. Amour Paris",1
"l'hermitage de St-Amour [Paris",1
"l'Orient",1
"l'Hermitage de Jean-Jacques Rousseau",1
"l'Enseigne de la Vérité",1
"bekome's Heerenveen",1
"Züllichoviae",1
"Zwollæ",1
Zutphen,1
"Zuric en Suisse",1
"Zuric [sic",1
Zullichow,1
Zug,1
"Zu haben Franckfurt",1
"Zu Bonn",1
Zoug,1
"Zittaviae Lusatorum",1
Zittaviae,1
Zierizaei,1
Zegvl,1
Zarag,1
"Yverdun (Avignon",1
"Yeʿsniyṣ",1
Yarmouth,1
"Wåsterås",1
Wurtzbourg,1
Wrexham,1
Wratislviae,1
Wourdae,1
Wormatiae,1
Workum,1
Woodbridge,1
Wolffembutteli,1
Wolfenbuttellae,1
Wolfenbuttel,1
Wolfenbutelae,1
"Wittembergae Saxonum",1
Wittemberg,1
"Wittebergae recusa",1
"Wittebergae Saxon",1
"Wittebergae Sax",1
Wittebebergae,1
Witenbergae,1
"Witembergae in Saxonibus",1
"Witembergae Saxonum",1
Windsor,1
"Wilnié",1
Wilmington,1
Willhermsdorff,1
Wilhermsdorff,1
Wiesbaden,1
"Wien (Basel",1
Wiceburgi,1
Wezlar,1
"Wezflariae (sic",1
"Westerås",1
Wernigerode,1
"Weißenburg im Nordgau",1
Weissensfelsae,1
"Weissenburgi Noricorum",1
Weissenburgi,1
"Weissenburg am Nordgau",1
Weissenburg,1
Watterford,1
Waterford,1
Washington,1
Warwick,1
Warsoviae,1
Wanssbeck,1
Wandsbeck,1
Waldsassii,1
Waldenburgi,1
Wageningen,1
WIttenberg,1
"W. Warsawie",1
"W. Sandomierzu",1
"W. Poczaiowie",1
"W. Kaliszu",1
"W. Elblągu",1
"W. Augszpurgu",1
"W Łowiczu",1
"W drukarni lwowskiey",1
"W Wroclawiu",1
"W Warszawje",1
"W Warszawie y Lwowie",1
"W Warsawie",1
"W Poznaniu",1
"W Lublinie",1
"W Kaliszu",1
"W Elbiągu",1
"W Augszpurgu",1
"Vérone",1
"Véritopolie [Amsterdam",1
"Véritopolie (Amsterdam",1
"Vladislaviae ?",1
"Vittenbergae Saxonum",1
"Vittembergae apud Saxones",1
"Vittembergae Saxonum (",1
Vitoria,1
Vitembergiae,1
"Vitembergae apud Saxones",1
"Vitembergae Saxonum",1
"Vitembergae Saxon",1
Vitemberga,1
"Vindobonnae (sic",1
Vindobonde,1
"Vindobonae [Wien",1
"Vindobonae (Wien",1
Vindobona,1
Vindibonae,1
Vindebonae,1
Vincentiae,1
Vilna,1
Villemanie,1
"Villefranche en Haute-Guienne",1
"Villefranche de Rouergue",1
Ville-Franc[he,1
Villagarcia,1
"Villafranca [i.e. Venezia",1
"Villafranca [i.e. Coira",1
"Vienne en Autriche : dans l'impr. de J.L.N. de Guelen [sic",1
"Vienne en Autriche : dans l'impr. de J. L. Nob. de Ghelen",1
"Vienne en Autriche : dans l'impr. de J. L. N. de Guelen [sic",1
"Vienne en Autriche : dans l'impr. de J. L. N. de Guelen",1
"Vienne en Autriche (",1
"Vienne [i.e. Paris",1
"Vienne (Autriche",1
"Viennae Austria",1
"Viennae (",1
"Vienna de Austria",1
"Vienna Austriae",1
Vienn,1
Viemae,1
Vicentiae,1
Versoy,1
"Verona puis Modena",1
Vernon,1
Vergera,1
Verapolis,1
"Venise (Paris",1
Venice,1
Venezzia,1
"Venezia puis Modena",1
"Venezia (e in Firenze",1
"Venezia (",1
"Venegia : appresso Carlo Bonarigo",1
"Venales prostant apud Joannem Hibler bibliopolam Monacensem. Monachii typis Mathiæ Riedl",1
Varsoviae,1
Varallo,1
Valverde,1
Valognes,1
Vallis-Ol,1
Valentia,1
"Valencía",1
Valencenis,1
"Va Savoye",1
"V Veneciâ",1
Uytrecht,1
"Utrecht [i.e. Paris",1
"Utrecht (Genève",1
"Utrech (sic",1
"Utopien (Frankfurt",1
Utopie,1
"Usecht al Reno (sic",1
Urbino,1
"Upsaliae (Holmiae",1
Upsalia,1
"Ulyssippone occidentali",1
"Ulyssippone Occidentali",1
"Ulyssipone occidentale",1
"Ultrecht aux Dépens de la Compagnie",1
"Ultrajecti ad Rhenum",1
Ulma,1
Ulissipone,1
"Tyrnaviae [Nagy-Szombath",1
"Typis zinghi",1
"Typis seminarii Veronensis",1
"Typis sanblasianis",1
"Typis san-blasianis",1
"Typis principalis monasterii S. Galli",1
"Typis principalis monasterii J. Galli",1
"Typis principalis monasterii Einsidlensis",1
"Typis princ. monast. S. Blasii (in Silva nigra",1
"Typis princ. Monast. S. Blasii",1
"Typis monasterii tegernseensis",1
"Typis monasterii Tegernseensis",1
"Typis monasterii S. Blasii",1
"Typis monast. S. Blasii",1
"Typis ejusdem principalis monasterii",1
"Typis brunsbergensibus Soc. Jesu",1
"Typis Universitatis Caesareo Mosquensis",1
"Typis Princ. monast. S. Blasii",1
"Typis Campidonensibus",1
Typis,1
"Turici Helv",1
"Tullii Leucorum",1
Tubinge,1
Tubinga,1
"Trêves",1
"Trèves",1
"Trykt i Sorøe",1
Troppau,1
Trondheim,1
Trnava,1
Trivoltii,1
Trivia,1
"Triest [Trieste",1
Trier,1
Trianon,1
Trevoux,1
Treviso,1
Treviris,1
Trevig,1
Trenton,1
Tremp,1
Tremoniae,1
Tremonia,1
"Trajesti ad Rhenum",1
"Trajert ad Rhenum",1
Trajecti-Batavorum,1
"Trajecti ad Via. drum",1
"Trajecti ad Rheunum",1
"Trajecti ad Rhenun",1
"Trajecti ad Rhenum ex off. J. Broedel",1
"Trajecti ad Rhenum [Utrecht",1
"Trajecti Francorum cis Viadrum",1
"Traject Batavorum",1
"Trajecit ad Rhenum",1
"Trajcti ad Rhenum",1
"Traj. Bat",1
Tourcoing,1
Toulouzo,1
"Toulouse (Paris",1
"Toujours à Londres [i. e. Paris",1
Tote,1
"Tot Maestricht",1
"Tot Loven",1
"Tot Ipre",1
"Tot Ghendt",1
"Tot Dendermonde",1
"Tot Brugghe",1
"Tot Aelst",1
Toscana,1
Torgaviae,1
Torgau,1
Toledo,1
Tivoli,1
Tirnaviae,1
"Tilloobalaa (Paris",1
Tigurum,1
Tielae,1
"Thèbes",1
Thorunii,1
Thorn,1
Thionville,1
Theux,1
Teutschland,1
Teutoburgi,1
"Te's Gravenhage",1
"Te'Amsteldam",1
Tarbiae,1
Tarbe,1
Tarascon,1
"T'Alkmaar",1
"Ṣaydā",1
"Sybaris (Orléans",1
Sybaris,1
Svidnitii,1
Susati,1
Surate,1
"Sur un exemplaire imprimé à La Rochelle",1
"Sur la copie à Arevalo",1
"Sur la copie imprimée à Bordeaux",1
"Sur l'imprimé à Rome",1
"Sur l'imprimé à Paris en 1615",1
"Sur l'imprimé à Montpellier",1
"Sur l'imprimé à Londres",1
"Sur l'imprimé à Grenoble",1
"Sur l'imprimé latin",1
"Sur l'imprimé en Languedoc",1
"Sur l'imprimé de Marseille",1
"Sur l'imprimé au Cap-Français",1
"Sur l'imprimé Au Parnasse",1
"Sur l'imprime",1
Sulzbachii,1
"Suivant la copie à Dresde (",1
"Suivant la copie imprimée à Toulouse",1
"Suivant la copie imprimée à Amsterdam",1
"Suivant la copie imprimée",1
"Suivant la copie impr. à Paris",1
"Suivant la copie de Londres. La Haye & Amsterdam",1
"Suivant la copie de Londres. La Haye",1
Stuttgardt,1
"Strångnås",1
"Strengnäs",1
Strawberry-hill,1
Straubingae,1
"Strassburg puis Colmar",1
"Strasbourg en Auvergne près de Maubeuge en Dauphiné",1
"Strada in Engadina Bassa",1
Stracbourg,1
Stouttgard,1
"Stouccard (sic",1
"Stokolm (Paris",1
Stokholm,1
Stockolm,1
"Stockhom [sic",1
"Stockholmiæ",1
Stockholmis,1
Stockholme,1
Stocholmiae,1
Stochholm,1
"Stobergae ad Hercyniam",1
Stiragii,1
Steinvordiae,1
"Stecchi e Pagani",1
Stargardiae,1
Stargard,1
"Stanno Hilligeriano",1
"Stampà in Scuol tras D. Gadina",1
"Stampà in Scuol",1
"Stampoeda in Scuol da Jacomo N. Gadina",1
"Stampada in Scuol tras J. Nott. Gadina",1
Stamford,1
Stamboul,1
"Stadt am Hof nächst Regensburg",1
"St.-Pétersburg",1
"St. Marino",1
"St. Croix",1
St-Malo,1
"St-Blasien (Schwarzwald",1
"St Pölten",1
"St Omer",1
"Squitschau à Cuera",1
"Squitschau a Lindau",1
Spol,1
Spirae,1
Southwark,1
Soraviae,1
Sopronyban,1
Sopronii,1
Sophopolis,1
Sondrii,1
"Sonbance (Besançon",1
Soltwedelii,1
Solisbaci,1
Smyrnae,1
Smolensko,1
Smolensk,1
Smirna,1
Skindergaden,1
Skara,1
Sirap,1
"Sipra (Paris",1
Sion,1
Sinigaglia,1
Silusiae,1
Sienne,1
Sienae,1
Sieclopolie,1
Siam,1
Shurz,1
Sheffield,1
Septimaniopolis,1
Senonis,1
Senones,1
"Selon l'original imprimé à Bouillon",1
Selestadii,1
Segoviae,1
"Se vend à Mâcon",1
"Se vend à M",1
"Se vend aux isles Ste.-Marguerite",1
"Se trouve chez tous les librairies des Pays-Bas autrichiens",1
"Se trouve chez tous les libraires des Pays-Bas autrichiens",1
"Se trouve aux Thuilleries",1
"Se hallará en Madrid",1
Scleusingae,1
Schwerin,1
"Schquitschau en Cuera",1
Schnoebergae,1
Schleusingen,1
Schleiz,1
Schl,1
Schiras,1
Schiedam,1
Schafhausen,1
Savannah,1
Saulur,1
Sarum,1
Sarcelles,1
"Santiago de Chile",1
Sans-souci,1
"Sans lieu.] MDCCLXVI",1
Sankt-P,1
Sandomiriae,1
"San Sebastián",1
"San Sebastian",1
"Sampaloc (Manila",1
"Salò",1
Salzwedel,1
"Salzburg puis München",1
Salzbourg,1
Saltzwedel,1
Salmanticae,1
Salisburgo,1
Salemii,1
Salamanque,1
Saintes,1
"Sainte-Manehould [sic",1
"Saint-Étienne",1
"Saint-Péterbourg",1
"Saint-Pierre de la Martinique",1
Saint-Pierre,1
Saint-Mihiel,1
"Saint-Miel [i.e. Chartres",1
Saint-Jean-de-Mauriene,1
Saint-Germain-en-Laye,1
Saint-Gall,1
Saint-Etienne,1
Saint-Domingue,1
"Saint-Dié",1
"Saint Pétersbourg",1
Saar-Dillingen,1
S.l,1
"S. Quentin",1
"S. Pétersbourg",1
"S. Perterburgʺ",1
"S.  l",1
"S' Gravenhage",1
"Réimprimé à Moskou",1
Ryswick,1
Rudolstadt,1
Rudolphipoli,1
Rudelstadii,1
"Roüen",1
Rouergne,1
"Rouen apud N. Lallemant",1
"Rouen ?",1
"Rotterrodami [sic",1
"Rotterdam (Genève",1
Rotteraedami,1
Rotenburgi,1
"Rotenburg an der Fulda",1
Rostopschii,1
Rostok,1
Rostochi,1
Roncherolles,1
Romo,1
"Rome. Apud Laurentem Carabioni",1
"Rome [i.e. Utrecht",1
"Rome [i.e. Paris ?",1
"Rome [i.e. Amsterdam",1
"Rome Paris",1
"Rome (Leyde",1
"Rome (Amsterdam",1
Roman,1
"Romae typis... camerae apostolicae",1
"Romae (",1
"Roma e Firenze",1
"Roma : impr. de L. Zenobio",1
Rom,1
Risopolis,1
Rimnik,1
Rimini,1
"Riga : J. F. Hartknoch",1
"Riga (Hartknoch",1
Ricomagi,1
Rhothomagi,1
Rhodes,1
Rheims,1
Rhagusii,1
Rhacusii,1
Reutlingae,1
"Rennes : J. Vatar",1
"Reimpressum Varsaviae",1
"Regiomonti ac Lipsiae",1
Regiomonte,1
"Reggio nell'Emilia",1
Redon,1
"Recusa in Saxonia",1
"Recusa Wittenbergae",1
"Recusa Wittebergae",1
"Recusa Vittembergae",1
"Recusa Tubingae",1
"Recusa Trevoltii",1
"Recusa Marburgi",1
"Recusa Ienae",1
"Recusa Francofurti ad Viadrum",1
"Recusa Altdorfii",1
Recusa,1
"Recus. Wittembergae",1
"Recus. Ienae",1
Ravennae,1
"Ratisbonne (i.e. Cologne",1
Ratisbone,1
Rastadlt,1
"Rapsopolis (Paris",1
R,1
Quiti,1
Quinque-Ecclesiis,1
"Quinque Ecclesiis",1
Quiloa,1
Qui,1
Quedlinbourg,1
Quebec,1
"Périgueux",1
"Pékin [Paris",1
"Pékin (Paris",1
"Päris",1
"Pueblo de S. Maria de la Mayor",1
"Puebla (Mexique",1
Providence,1
Provence,1
"Prostant Pestini apud authorem",1
"Prostabit Parisiis",1
"Proche Genève",1
"Printed at Hoogly in Bengal",1
"Printed at Augusta",1
"Printed and sold for the author at all the principal seaports in Great Britain and Ireland",1
"Prickt a Hoolum",1
Presburgo,1
Prent,1
Prato,1
Praha,1
"Pragae V",1
Praga,1
"Pozsonyban és Kassán",1
Pozdam,1
Potsdamm,1
Potchaev,1
Posonium,1
Posnanie,1
"Port-Louis (Maurice",1
"Pordé-Polis [Paris",1
Ploenae,1
"Plaisance (Hollande",1
Plaisance,1
Pittburgo,1
Pistori,1
Pisaro,1
Pinarolii,1
Philadephie,1
"Philadelphie [i.e. Paris",1
"Philadelphie (Lausanne",1
"Philadelphia and Edimburgh",1
Pharaonis,1
Pezenas,1
Pesten,1
Pescia,1
Perusiae,1
Perpiniani,1
Pentfeld,1
Peking,1
Pekin,1
Peine,1
"Pedeponti (vulgo Stadt am Hof",1
"Pe-king (Paris",1
Pe-kin,1
"Pe-King (Paris",1
Pauben,1
"Pataviǐ",1
Passau,1
Parisius,1
Parisiorum,1
"Parisiis) Ex typ. viduae Thiboust",1
Parisii,1
Parise,1
"Paris] Impr. de la ""Gaz",1
"Paris] : J. Collombat",1
"Paris.] De l'imprimerie du Vourst",1
"Paris. Chez Didot",1
"Paris. 3 vol. in-4°",1
"Paris. -VIIIc-",1
"Paris) impr. de P.-N. Lottin",1
"Paris) Impr. de la Vve A. Knapen",1
"Paris) De l'Imp. de Charles Comont",1
"Paris) De l'Imp. Royale",1
"Paris) : Vve Ballad",1
"Paris puis Amsterdam",1
"Paris chez l'auteur",1
"Paris [i.e. Liège ?",1
"Paris [i. e. Lausanne",1
"Paris Lejai",1
"Paris ?] M. DCC. LVII",1
"Paris : impr. de M. Lambert",1
"Paris : de l'Impr. du Cercle social",1
"Paris : chez la Veuve Hérissant",1
"Paris : chez Le Jay",1
"Paris : chez Guillaume-François De Bure le jeune",1
"Paris : chez Desaint",1
"Paris : chez De Bure l'aîné",1
"Paris : chez Belin",1
"Paris : aux dépens de la Compagnie [des libraires",1
"Paris : [s. n",1
"Paris : Vve Saugrain",1
"Paris : P. Le Roy (de l'impr. de Gissey). - In-8° agenda",1
"Paris : P. F. Didot le jeune",1
"Paris : Lottin",1
"Paris : La Haye",1
"Paris : H.-L. Guérin",1
"Paris : Guyot : M. Delaunay. - In-32",1
"Paris : Chez Durand",1
"Paris : Briasson",1
"Paris (Rouen",1
"Paris (Rennes",1
"Paris (Londres",1
"Paris (Genève",1
"Paris (Berlin",1
"Paris (Amsterdam",1
"Pariis [sic",1
"Parigi : appresso il Signor de Lormel",1
"Parigi (Venezia",1
"Parigi (Siena",1
Paramaribo,1
Par-tout,1
Pappenhemii,1
"Paphos [i. e. Paris",1
"Paphos (Alençon",1
"Pamplona (e Viana",1
"Palmae Majoricarum",1
Palma,1
Palermu,1
"Palermo : per Pi",1
Palerme,1
Paedeponti,1
"Paderborn (Paris",1
PARIS,1
"Où il vous plaira",1
"Oxonii [i.e. Amsterdam",1
Oxinii,1
"Oxfort (sic",1
Oviedo,1
Ottoburae,1
Otiopolis,1
Osnabrugi,1
Oslo,1
Oscae,1
Ormuz,1
"Orléans : ches Rouzeau-Montaut",1
Orleans,1
Orange,1
Onoldini,1
"On souscrit à Paris",1
"Olten (All.)",1
"Olomucii Moravorum",1
Olisiponte,1
"Olisipone Occidental",1
Oldenburg,1
Ol,1
"Offenbach am Main",1
Oehringen,1
Oaxaca,1
"Nürnberg. - In-8°. [Acq",1
"Nürnberg Altdorff",1
"Nürmberg",1
"Nürenberg",1
Nyort,1
Nyon,1
"Nyomtattatott a Csiki Sarlós Bóldog Aszszony Kalastromában",1
Nurenberg,1
Nulle-part,1
Nugopolis,1
Nottinghamiae,1
Nottingham,1
Northusae,1
"Norrköping",1
Normandie,1
"Norkiöping",1
"Norimbergæ",1
Norimbergo,1
Norimbergi,1
"Norimbergae] [puis] Erlangae",1
Noriberga,1
Nordlingen,1
Nordlingae,1
Norcopiae,1
Nogent-le-Rotrou,1
Nisme,1
"Nimègue",1
Nieuwied,1
Nieuport,1
"Nice : chez Garriel Floteront",1
Nicaeae,1
Newcastle-upon-Tyne,1
Newcastle,1
New-York,1
New-Jersey,1
"New Haven",1
"Neustad d'Italia",1
Neus,1
"Neufchâtel (Paris",1
"Neufchâtel (Amsterdam",1
"Neuchâtel (Impr. Société typographique",1
"Neuchâteau",1
Neubrandenburg,1
Nergenshuyzen,1
Neoburgi,1
"Nella stamperia del Forno",1
"Nella stamperia Morani",1
"Nell' Haia",1
"Neapolí",1
Neap,1
"Napoli ed in Milano",1
"Napoli d'Austria",1
"Napoli [i. e. Venise",1
"Napoli (Milano",1
Napoles,1
Napole,1
Nanzig,1
Nantz,1
"Nantes : chez Joseph Vatar",1
"Nanntes (sic",1
Nangazaki,1
"Nancy [i.e. Rouen ?",1
"Nancy : chez François Baltazard",1
"Nancy (Utrecht",1
"Nancy (Toulouse",1
"Nancy (Paris",1
"Nanci [Nancy",1
"Nagykárolyban",1
"Nagy Károlyban",1
"Nagy Karolyban",1
"Münich",1
Muskau,1
"Munique (sic",1
Munic,1
"Mountpellié",1
Moudon,1
Moskva,1
Mortagne-au-Perche,1
"Montélimart",1
Montroulles,1
Montisfalisci,1
"Monte Parnasso",1
"Montauban [i.e. Utrecht",1
"Mont Kesrouān",1
"Mont Kesrouan",1
Monspelli,1
"Monspelii apud J. Martel",1
Monregali,1
Monptellier,1
"Monaco di Baviera",1
Monachopolis,1
Mon,1
"Modona [i. e. Modena",1
Modana,1
Mittau,1
Misneae,1
Minorque,1
Mindae,1
Mildendo,1
Milddelburg,1
Middelbourg,1
"Messopoli Zelandorum",1
Mentz,1
Meldorpi,1
Melbourne,1
"Mechliniæ",1
Mazuli,1
Mayntz,1
Maubeuge,1
Massel,1
Maryland,1
Martisburgi,1
Marsillo,1
Marseille),1
Marlborough,1
Marienwerder,1
Marienberg,1
Marcobraitae,1
Marburgii,1
Marburgi-Cattorum,1
"Marburgi in Cattis",1
Marburg-Franckfurt-Leipzig,1
"Mantuae Carpentanorum",1
"Mantua Carp",1
Mantoua,1
Mante,1
Manresa,1
Mannhenii,1
Mannhemi,1
"Mannheim : dalla stamperia El",1
Manille,1
Manilla,1
Manheimii,1
"Manheim [sic",1
Mamers,1
Malte,1
Mallorca,1
"Malda in Bengal",1
Malanz,1
Maho,1
Magonza,1
Magontiaci,1
Magdeburgicae,1
"Magdebourg : Vve de J. Siegeler",1
Magdebourg,1
Madriti,1
Madridii,1
Madrid),1
"Madrid (Paris",1
"Madrid (-Barcelona",1
Maassluis,1
Maasseyk,1
"Lübben",1
"Léthopolis (sic",1
Lycii,1
Luzern,1
Luxuropolis,1
Luteciae,1
Lusserat,1
Lunevilla,1
Lujduni,1
"Lugdunum Batavorum",1
"Lugduno Batavorum",1
"Lugduni Bernus",1
"Lugduni Bavatorum",1
"Lugduni Batovorum",1
"Lugduni Batavorum-Amstelaedami",1
"Lugduni Batavorum sumptibus P. van der Aa",1
"Lugduni Batavorum apud J.",1
"Lugduni Batavorum [Leyde",1
"Lugduni Batavorum [Leiden",1
"Lugduni Batavoram",1
"Lugduni Batavarum",1
"Lugd. Batavorum",1
"Lugd. Batav",1
"Lugd. Bat.",1
Lueneburg,1
Ludwigsburg,1
Luciae,1
Lucerne,1
Lucerna,1
"Lucca (Napoli",1
Lublin,1
Lubiana,1
"Lubecæ",1
Luarnae,1
Lovain,1
Lotinopolis,1
Losana,1
Loranii,1
Longo-Salissae,1
Longa-Salissae,1
Londresa,1
Londres],1
"Londres [i.e. Maestricht",1
"Londres [i.e. Genève",1
"Londres [i. e.Bouillon",1
"Londres [i. e. Paris]. M. DCC. LXX. Avec approbation",1
"Londres [i. e. Paris?",1
"Londres [i. e. Paris ou Reims?",1
"Londres [i. e. Paris ?",1
"Londres [i. e. Montargis",1
"Londres [après 1753",1
"Londres [!",1
"Londres ?",1
"Londres : chez Thomas Wilcox",1
"Londres : [s. n.]",1
"Londres (sic pour Paris",1
"Londres (sic pour Genève",1
"Londres (i.e. Paris",1
"Londres (i.e. Berlin",1
"Londres (i. e. Tours",1
"Londres (i. e. Paris",1
"Londres (Rouen",1
"Londres (Neufchâtel",1
"Londres (Lyon ?",1
"Londres (Gratian",1
"Londres (Genève",1
"Londres (Francfort",1
"Londres (Bruxelles",1
"Londres (Bouillon",1
"Londres (Abbeville",1
"Londre [sic",1
"Londre (sic",1
"Londra e Parigi",1
"Londra (Venezia",1
Londonn,1
"Londoni Gothorum",1
London?,1
"London the author (printed by S. Crowder",1
"London puis Edinburgh",1
"London and Westminster",1
"London ?",1
"London : printed for J. Watts",1
"London : J. Almon",1
"London (Paris",1
"London (In Londra",1
Londinis,1
"Londini sumptibus",1
"Londini impressa",1
"Londen [sic",1
Loadini,1
"Liége & Spa",1
"Liège : chez Guillaume Broncart",1
Livorni,1
Liverpool,1
Liverno,1
Litomisslii,1
Literbii,1
Lisbonne-Paris,1
"Lisbonne (Paris",1
"Lisbonna e Lucca",1
"Lisboa. Francisco Luis Ameno",1
Lisboa-occidental,1
"Lisboa oriental",1
"Lisboa Oriental",1
Lisae,1
Lipsk,1
"Lipsiæ",1
Lipsiae-Vitembergae,1
"Lipsiae ac Francofurti",1
"Lipsiae ac Dessaviae",1
"Lipsiae [- Vindobonae",1
Liouwerd,1
Lintz,1
"Linköping",1
"Lindau im Bodensee",1
Lincopiae,1
Lillers,1
"Lille (i.e. Utrecht",1
Lignitii,1
Lignicii,1
"Lieux-divers ?",1
Lidae,1
Libourne,1
Leypsick,1
"Leyden en Amsterdam",1
Leyda,1
Leuwarden,1
Leutschoviae,1
Lesnae,1
Leodici,1
Leningrad,1
Lendon,1
"Lemgo [Principauté de Lippe-D",1
Lemberg,1
Leith,1
"Leipzig. 5 vol. in-8°",1
Leipzick,1
Leipszigck,1
"Leipsik (Genève",1
Leipsig,1
"Leipsick [i. e. Genève",1
"Leide & Amsterdam",1
Leeuwarde,1
Leeuwanden,1
Leeuwaerden,1
Leeuwaarden,1
Leenwarden,1
Lecuwarden,1
Lecce,1
"Le Cap-Français",1
"Lautern puis Mannheim",1
"Lausanne (sic",1
"Lausanne (i.e. Paris",1
"Lausannae in Helv",1
"Lausane [sic",1
Laur,1
"Laude Pompeia",1
"Laubaci in W",1
Lat,1
Larnaka,1
Langnau,1
"Langlée",1
Langensaltz,1
Lahaye,1
"La Sec",1
"La Rapée",1
"La Hutte du parc",1
"La Haye-Paris",1
"La Haye [i. e. Paris",1
"La Haye : chez Jean Neaulme",1
"La Haye : chez Gosse",1
"La Haye (à la Sphère",1
"La Haye (Genève",1
"La Haye (Francfort-sur-Meyn",1
"La Haye (Bouillon",1
"La Haye (A la  Sphère",1
"La Haye (",1
"La Haie (sic",1
"La Guadeloupe",1
"La Grenade",1
"La Garde-Adhemar (Drôme",1
"La Fleche",1
"La Ciotat",1
"Küstrin",1
"Kölln",1
Kuffstein,1
Kralovelhoka,1
Krakowie,1
"Kostandnowpolis [Constantinople",1
Kopenhageu,1
Kopenhagent,1
"Kopenhagen u. Leipzig",1
Konstanz,1
"Konstantiniyye [Istanbul",1
"Konstantiniye [Istanbul",1
Konisberg,1
Koningsbergen,1
Koningsberg,1
Koblenz,1
Knollendam,1
"Kjøbenhavn puis Trondhjem",1
"Kjøbenhan",1
Kjobenhavnast,1
"Kiøvenhavn",1
"Kiøpenhavn",1
"Kiøobenhavn",1
"Kiøhenhavn",1
"Kiøbenkavn",1
"Kiøbenhavn Gyldendal",1
"Kiøbenhaun",1
"Kiøbenharn",1
Kirn,1
Kiloniae,1
Kiloni,1
"Kib̆enhavn",1
Kibenhavn,1
"KiThêtabenhavn",1
Kevelaar,1
Keulen,1
Kendal,1
"Kaupmannhøfn",1
Kaupmannahavn,1
Kauffburen,1
Kaliningrad,1
"Juxta exemplar Romae",1
"Juxta exemplar Lugduni",1
"Juxta exemplar Dilingae",1
Jutrebogae,1
"Jouxte la copie imprimée à Paris",1
Joinville,1
"Jerusalem. Chez Pierre Mortier",1
Jerusalem,1
"Jelgava (Mitau",1
"Je ne sais où : [s. n",1
Jassy,1
Itzehoe,1
"Italae Magdeburgicae",1
Islebiae,1
Islebenii,1
"Isle de la Vertu",1
"Isle de France",1
"Iscae Dunmoniorum",1
"Is allomme a 3 stuyvers te bekoomen",1
Irenopoli,1
Ipswich,1
"Ipris apud J.-F. Moerman",1
Insulis,1
Insprugg,1
Ingolstadt,1
"In's Haage",1
"In's Gravenhaage",1
"Imprimée à Trévoux",1
"Imprimée à Strawberry-Hill",1
"Imprimée à Londres",1
"Imprimée à Besançon",1
"Imprimée dans l'Île des Sages",1
"Imprimé à Zurich",1
"Imprimé à Verssois",1
"Imprimé à Thèbes",1
"Imprimé à Tabesterahn [i.e. Genève",1
"Imprimé à Strawberry-Hill",1
"Imprimé à Stockholm",1
"Imprimé à Londres",1
"Imprimé à Leïpsick",1
"Imprimé à Lausanne",1
"Imprimé à La Haye",1
"Imprimé à La Haie [i.e. Paris]",1
"Imprimé à Halle",1
"Imprimé à Genève",1
"Imprimé à Francfort-sur-le-Main",1
"Imprimé à Dresde",1
"Imprimé à Bourg-Fontaine",1
"Imprimé à Arctopolis (Paris",1
"Imprimé à Antiboine",1
"Imprimé à Angoulème",1
"Imprimé à Amsterdam",1
"Imprimé sur la copie de Paris",1
"Imprimé par ordre des princes du sang",1
"Imprimé par délibération de la R",1
"Imprimé en Westphalie",1
"Imprimé dans le monde",1
"Imprimé au Phantôme mitré",1
"Imprimé",1
"Impresso... en Manila",1
"Impresso en el Rt colegio de San Ildefonso de Mexico",1
"Impresso en Mexico",1
"Impresso en Goathemala",1
"Impressa en Mexico",1
"Impressa en Amsterdam",1
"Impr. à Liège",1
"Impr. de Saint-Pétersbourg",1
"Impenzeste da Paron Tuogno Bolpe in Pava de st' ano dal pizzegale",1
"Im Jahre 1777 verfertigt",1
Ilmenau,1
Ileburgi,1
Ile-de-France,1
Iesi,1
Ienea,1
"Ienae recusa",1
"Ienae litteris Marggrafianis [1758",1
"Ibi ubi",1
"Ibarra (Ecuador",1
"I Stockholm",1
"Hélopolis",1
Hymenopolis,1
Hunnover,1
Humburgi,1
Hui,1
"Hrappseyae in Islandia",1
Hrappsey,1
"Hradec Králové",1
"Hornae Westfrisiorum",1
Horn,1
"Homburg vor der Höhe",1
"Homburg vor der Hoehe",1
Hombourg-ez-monts,1
Hollstein,1
Holborn,1
Holar,1
Hispahan,1
Hildesii,1
Hildburghusiae,1
Herssfeld,1
Herrnstadii,1
Herrnhuth,1
"Herbornæ Nassaviorum",1
"Herbornae Nassoviorum",1
Herborn,1
"Herbonae Nassaviorum",1
"Herbipoli (Wirceburgi",1
Henrichemont,1
Helyopolis,1
"Helsingøer",1
Helmstadij,1
"Helmstadii denuo recusa",1
Helmstadic,1
Helmst,1
"Heidelbergae (Francofurti",1
"Havniæ",1
Hartford,1
Harniae,1
"Harlemi Batavorum",1
"Harg and Stenbro",1
Harderwijk,1
"Hardervici Gelror",1
"Harderovici Gebrorum",1
"Hanripoli Cornutorum",1
"Hanoï",1
Hanovre,1
Hanoveroe,1
Hannovre,1
Hannoveroe,1
"Hannover puis Bremen",1
Hammoniae,1
Hammonae,1
Hamburgo,1
Hambergi,1
Ham,1
"Halæ Magdeb",1
"Halle puis Bützow",1
"Halle in Sachsen",1
"Halle in Magdeburgischen",1
"Halle in Magdeburgische",1
"Halle in (sic) Magdeburg",1
"Halle an-der-Saale",1
"Hallae Magdeburgicae",1
"Hallae Magd",1
"Hallae Herm",1
"Halis Saxonum",1
Halifax,1
"Halae prope Salam",1
"Halae Venedum",1
"Halae Venedorf",1
"Halae Suevor",1
"Halae Soraborum",1
"Halae Magdeburgiae",1
"Halae Magdeburgensi",1
"Halae Magdeburg.",1
"Halae Magdeb. recusae",1
"Halae Magde burgicae",1
"Halae Madgeburgicae",1
"Halae Madgdeburgicae",1
Haia,1
Hagenoae,1
Hagaecomitum,1
Hagaecomitis,1
Hagae-Conitum,1
"Hagae comitum",1
"Hagae Vulpiae",1
"Hagae Schauenburgi",1
"Hagae Comitum apud N. Van Daalen",1
"Haga comitum",1
"Hafniæ",1
Hafnia,1
Hafnae,1
Hafn,1
"Haerlem en Amsterdam",1
Haege,1
Haarlen,1
"Haarlem en Amsterdam",1
"Gênes [i.e. Paris",1
Gurstroviae,1
Gurgg,1
Guelferbuti,1
Guatemala,1
"Grünblatt",1
"Gryphiswaldiae recusa",1
Gryphiswaldae,1
Gryphisvaldiae,1
"Groningae Frisiorum",1
Grodnae,1
Grignan,1
"Grenoble] : [Giroud",1
Greitz,1
Greifswalde,1
Gray,1
Gravenhague,1
Gravenhagen,1
Gravenhaege,1
Graven-Hage,1
Graven-Haage,1
Graizae,1
Graccii,1
Graavenhaagen,1
"Go̊theborg",1
Gottingue,1
"Gottingae apud A. van den hoeck",1
Gothoburgi,1
Gothe,1
"Gothae ?",1
Gosslar,1
Gosport,1
Gorlicii,1
"Goes en Middelburg",1
"Gnide [i.e. Paris",1
"Gnide (Paris",1
Gnide,1
Glukstad,1
Glocester,1
Glasgue,1
"Gissae Hassorum",1
"Giessàe",1
Giena,1
Gibraltar,1
Gerea,1
"Genêve",1
"Genèves",1
"Genève [i. e. Paris",1
"Genève [i. e. Avignon",1
"Genève ?",1
"Genève : chez Barrillot",1
"Genève : aux dépens de l'auteur",1
"Genève : [s. n",1
"Genève : Société typographique",1
"Genève (i.e. Paris",1
"Genève (Rouen",1
"Genève (Liège",1
"Genève (Berlin",1
Genuae,1
Gent,1
Gennes,1
Genesve,1
Gend,1
"Gedrukt op h",1
"Gedrukt in de uitverkogte actiekramer",1
"Gedrukt in de strafpars der ondeugd onder de bescherming der geregtigheid",1
"Gedrukt in de Elizeesche velden",1
"Gedrukt in St.-P",1
"Gedrukt in Quinquenpoix by Bombario",1
"Gedrukt by den Nameev van A. Olofsen in der Tyd mishandelde Bockvsrkooper van Willem de IV. C. & op de gedienstige Aarklagte van den achtenvertiger Schepen en Raad M. Matthys Straalman aum sui",1
"Gedruckt zu Hildesheim",1
"Gedruckt zu Altdorf",1
"Gedruckt in Vaterland",1
"Gedruckt im Hollsteinischen",1
"Gedani recusa",1
"Gdańsk (Danzig",1
Gaudae,1
Gardelegiae,1
Gandavii,1
Gandae,1
Galembrun,1
Frivolipolis,1
"Frid. Nicostadii ad Dresdam",1
"Friburgo (Firenze",1
"Friburgi in Brisgoia",1
"Friburgi Brisgojae",1
"Friburgi Brisgoiae",1
Freysingen,1
Freyburg-im-Breisgau,1
"Freyburg im Breissgau",1
Freyburg,1
Freybergae,1
"Freyberg en Saxe",1
Franzfurt,1
Franquerae,1
"Frankfurth an dem Main",1
"Frankfurt-am Mayn",1
"Frankfurt an Mayn",1
"Frankfurt am Maine",1
"Frankfurt a. Mayn",1
"Frankfurt a Mayn",1
"Frankfort am Main",1
Frankcfurt,1
Franfkurt,1
Franequera,1
Francopoli,1
Francofurtiae,1
Francofurti-ad-Moenum,1
"Francofurti ad Viatrum",1
"Francofurthi ad Viadrum",1
Francofurthi,1
"Francofurdi ad Moenum",1
Francoforti,1
Francoforte,1
"Franco-furti ad Moenum",1
Franco-Porto,1
"Franckfürt",1
Franckfurt-am-Mayn,1
"Franckfurt u. Leipzig",1
"Franckfurt am Mayn Ph. H. Hutter",1
Franckfort-sur-le-Mayn,1
Franche-Ville,1
Francfurth,1
Francfurt-am-Main,1
Francfort-sur-le-Main,1
"Francfort-sur-l'Oder",1
Francfort-sur-Meyn,1
"Francfort-sur le-Meyn",1
Francfort-s.-le-M,1
"Francfort sur le Maine",1
"Francfort sur le Main",1
"Francfort au Mein",1
"Francfort am Mayn",1
"Francfort [i.e. Amsterdam",1
"France [i.e. Paris",1
Franc,1
"Formis Salemitanis",1
Fontenay-le-Comte,1
Fontenay,1
Fontaine-Bleau,1
Florentina,1
"Florentiae (Amstelodami",1
Florenca,1
Flessingue,1
Firenzea,1
"Firenze. In-8°",1
"Firenze e Roveredo",1
"Firenze (Napoli",1
Filadelfia,1
Fez,1
"Ferrara (Venezia",1
Fatopoli,1
Fano,1
Fallopoli,1
Falaise,1
Exon,1
"Excudebat Panormi",1
"Excudebant Romae B. Franzesi",1
"Ex ducali Campidonensi typographeo",1
"Ex Viviano typographio florentino",1
Evreux,1
Eutaxie,1
"Europe (Paris",1
Eszeki,1
Estival,1
Ermenonville,1
"Erlang puis Bayreuth",1
"Erlang : [s. n",1
Erfurthi,1
Erfort,1
Erffurti,1
Erffurt,1
Enkhuizen,1
Enchusae,1
Emden,1
Embricae,1
Embden,1
"Em Lisboa",1
Ellwangen,1
Ellrich,1
"Eleuthèropolis",1
Elbing,1
Eisenbergae,1
Einsidlen,1
"Eichstädt",1
Eichstadii,1
Egerben,1
Edjmiadzin,1
"Edinburg [sic",1
"Edinburg : at the Apollo press",1
Edinae,1
Edenburg,1
Ecija,1
Ebroicis,1
Eborae,1
Ebersdorff,1
"E Castel-Paul",1
"Düsseldorpii",1
"Dôle",1
"Démonopolis",1
"Dusseldorpii [-Coloniae",1
Dusseldorpii,1
"Durocortori Remorum",1
"Duisburg am Rhein",1
Dublini,1
Dublin?,1
"Du Séjour de la Vérité",1
Dresenae,1
"Dresden ou Leipzig",1
"Dresdae ac Lipsiae",1
Dortrechti,1
Dordregt,1
Donostian,1
Donaueschingen,1
Dole-du-Jura,1
"Dole [i. e. Paris",1
Dodsley,1
"Do druku Wrocláwskiey",1
"Dix huitieme siecle. [Sans lieu",1
"Divione [Dijon] : apud Antonium de Fay typographum",1
Dilligen,1
Dijon?,1
Dieuze,1
Devizes,1
Deutschland,1
"Der Haag",1
Demophilopolis,1
"Delphis Batavorum",1
Delfis,1
"De ne sais où",1
"De l'imprimerie de P.R.C. Ballard",1
"De l'imprimerie de Moreau",1
"De l'Imprimerie de DIDOT",1
Dax,1
"Danzig. - In-8°",1
"Dans le pays de la liberté (Neufchâtel",1
"Dans la ville de saint Pierre (Saint-Pétersbourg",1
"Dans l'antre de Trophonius",1
Damiat,1
Dami,1
"DabaM In Vrbe LIbera",1
"D'Acqs",1
D,1
"Cölln-am-Rhein",1
Cyprus,1
Cygneae,1
"Curiae Regnitanae",1
"Curia Regnitianae",1
"Cura Tigurensis",1
Cuoira,1
Cuira,1
Crysinople,1
Cron-Stadt,1
Crembsii,1
"Coïmbra",1
Coulogno,1
Cottbus,1
Cotbuss,1
"Cosmopolis : chez les marchands de nouveautés",1
"Cosmopoli (Lucca",1
Cosmopol,1
Corti,1
Cornicopoli,1
Corke,1
Corinthe,1
Copenhaque,1
"Constantinople (Liège",1
Constantine,1
"Conimbricæ",1
Coni,1
Congo,1
Confluenza,1
Conculix,1
Concordia,1
Como,1
Comi,1
Comacli,1
"Colonise Agrippine",1
"Coloniae Ven",1
"Coloniae Munal",1
"Coloniae Carolinae",1
"Coloniae Aug. Agrippinensium",1
"Coloniae Allobrogum sumpt. M.-M. Bousqu",1
"Coloniae Agrippinensium",1
"Coloniae Agrippinensi",1
"Coloniae Aggrippinae",1
"Coloniae Aggripinae",1
"Colonia e Trevigi",1
"Colonia [i. e. Venezia",1
"Cologne. Chez Jean Lamoureux",1
"Cologne [i.e. Paris",1
"Cologne : [s. n",1
"Cologne (Paris",1
"Cologna [= Cologna Ven",1
"Collibus Usip",1
Collen,1
"Colle ameno",1
Colimbriae,1
Colbergae,1
"Col. Agrippinae",1
Coire,1
"Coburg & Leipzig",1
Cobourg,1
Coblence,1
Cleve,1
Clausthaliae,1
Clausthal,1
Claudiopoli,1
Clair-Mont-Ferrand,1
Citadella,1
Ciamberi,1
"Châtillon",1
"Châteaugontier",1
"Châteaufort",1
"Château de Lassay",1
Chur,1
"Chiméronville",1
Chilonii,1
Chichester,1
Chicago,1
"Chez Hiérosme Print-all",1
"Chez Hierosme Print-all",1
Chessy,1
Chelmsford,1
"Chatou. Chez Min",1
Chaslons,1
"Charlestown printed",1
"Chambéri",1
Chambery,1
"Chalon-sur-Saône",1
Chaalons-sur-Marne,1
"Cervariae Lac",1
Cenon,1
Cellis,1
Cayenne,1
Catinae,1
Castries,1
Castres,1
Castellane,1
Castel-franco,1
Castel-Franco,1
Caserta,1
Casalmaggiore,1
Carpi,1
Carolsruhe,1
Carolsrouhe,1
Carols-Ruh,1
Carolopoli,1
Carmagnola,1
Carlsuhe,1
Carlsrouhe,1
"Caprée",1
"Cap-Haïtien (Le Cap-François",1
Cap,1
"Cantorbéry",1
"Cantorbéri",1
Canarie,1
Campen,1
Campazas,1
Camerino,1
Camerini,1
Cambrigi,1
"Calceopolis [Paris",1
Cagliori,1
Caesar-Augustae,1
"Bützow",1
"Bützovii",1
"Büdingae",1
"Bâville (Dieppe)",1
Butzwo,1
Butzow,1
Burgthal,1
"Burgi Sancti Andeoli",1
Burdeos,1
Bullioni,1
Buglione,1
Budiagae,1
Bude,1
"Budae in Hungaria",1
Bucarest,1
"Brême",1
"Bréda",1
"Bruxelles chez Foppens Eugène-Henry Fricx",1
"Bruxelles [i. e. Lyon",1
Bruxellae,1
Bruxel,1
"Bruselas [sic",1
Brunswyk,1
"Brunsvigæ",1
Brunsvigiis,1
Brunsvigi,1
Brunsvic,1
Brunovici,1
Bruniwigae,1
"Brugghe P. Roose",1
Bruchsaliae,1
Brouage,1
Bronswic,1
Bronsvic,1
Brochuro-manie,1
Brives,1
"Bresslau aufm Dohm",1
"Breslau puis Leipzig",1
Bresce,1
Brenae,1
Brema,1
Breghente,1
Breda,1
Braunschveig,1
Brabant,1
Br,1
Bourg-Fontaine,1
"Bourg St-Andéol",1
Bourdeaux,1
"Boston and London",1
"Boston (New England",1
"Borghi di Belisania",1
Bononia,1
Bonomiae,1
"Bonna : nella stamparia di Rommerskirschen",1
"Bonna : nella stamparia di Rommerskirchen",1
"Bonna : nel stamparia di Rommerskirchen",1
Bommeliae,1
Bomae,1
Boloniae,1
Bloomsbury,1
Blankenburg,1
Biterris,1
Bingen,1
Bienne,1
Biella,1
Bibonti,1
Bibliopolis,1
"Bibliopolio Brunsvigensi",1
Besiers,1
Berwick,1
Berolinum,1
"Berne (Paris",1
Bernburgi,1
"Bernae Helv",1
Berlyn,1
Berlin-Leipzig,1
"Berlin u. Strals",1
"Berlin (i.e.Genève",1
Berlenburgensis,1
Berlenburg,1
Bergonii,1
Bergame,1
Berg-op-zoom,1
Beograd,1
Bennopoli,1
Bengodi,1
Beneventi,1
Beneduz,1
Belval,1
Belluni,1
Bellovaci,1
Belle-Oeil,1
Belgrade,1
"Bec [Vienne",1
Bayoune,1
Bauzen,1
"Bath &c",1
Bassora,1
Basles,1
"Basle en Suisse",1
"Basle [Londres",1
"Basle (Paris",1
"Basileae. E & R. Thurnifii patres",1
Baratropolis,1
Ballopolis,1
Balivernopolis,1
Baillons,1
"Baden : Joseph Ludwig Baldinger",1
Baden,1
Babylone,1
"Aéropolis",1
Avigon,1
"Avignon [i.e. Paris",1
"Avignon : chez Louis Chambeau",1
"Avignon (Lyon",1
"Avignon (Liége",1
Avignhonen,1
Avariciopolis,1
"Avarici Biturigum",1
Auxonne,1
Auximi,1
"Aux états calotins",1
"Aux dépens de l'auteur. Anvers",1
"Aux Verrières-Suisses",1
"Aux Granges",1
"Aux Fosses",1
"Aux Etats calotins",1
"Aux Deux Ponts : impr. ducale",1
"Aux Deux Ponts",1
Ausgsburg,1
Ausgburg,1
Ausbourg,1
"Aureliae (Allobrogum ?",1
"Augustæ Vindelicorum & Græcii",1
"Augustæ Taurinorum",1
Augustoduni,1
"Augustae Viromanduorum",1
"Augustae Virdelicorum",1
"Augustae Vindolicorum",1
"Augustae Vindelicorum sumptibus Fratrum Veith",1
"Augustae Vindelicorum & Dilingae",1
"Augustae Vindelicaum",1
"Augustae Vindelicae",1
"Augustae Vindelic",1
"Augustae Trevir",1
"Augustae Agrippinae",1
"Augusta Vindelicorum",1
"Augspurg (",1
"Augsbourg [i.e. Liége",1
"Aug. Vindelicorum",1
Audomari,1
Audenaerde,1
"Au pays libre",1
"Au fort de Kell [sic",1
"Au désert",1
"Au delà des monts",1
"Au château Fernei",1
"Au Temple de Venus",1
"Au Puy",1
"Au Pinde",1
"Au Pazacl",1
"Au Paracl",1
"Au Nord",1
"Au Mont-Parnasse",1
"Au Mont Sinaï",1
"Au Mont Cassin",1
"Au Monde [Dijon",1
"Au Hâvre de Grâce",1
"Au Château de Ferney",1
"Au Chateau de Ferney",1
"Au Chasteau d'An",1
"Au Champ-de-Mars",1
"Au Champ de Mars",1
"Au Cap-Français",1
"Au Caire",1
"Au Bourg",1
"Au Bois-Valon",1
"Athènes-Paris",1
"Athènes (Paris",1
"Athenis ad Ehmum",1
Ath,1
Astracan,1
Aschersleben,1
Aschaffenburgi,1
Arr,1
Arnspergae,1
"Arnhemiæ",1
Arnhemia,1
Arnheim,1
"Argentorati literis J. H. Heitzii",1
"Argentorati : sumtibus Johannis Reinholdi Dulsseckerii",1
Argentor,1
Argentina,1
Arausione,1
"Aquis Sextiis",1
"Apud Forum Segusianorum",1
"Apud Forum Segusian.",1
Aosta,1
Anversa,1
Antwerp,1
Antioche,1
Annonay,1
Annaebergae,1
Annabergae,1
Annaberg,1
"Angoulême",1
Andrinople,1
"Anconne [i.e. Ver",1
Ancone,1
Anconae,1
Amsterterdam,1
Amsterodami,1
Amsterldam,1
"Amsterdam. In-12. -XcD-VIIIb=",1
"Amsterdam. Et se trouve à Paris chez Belin",1
"Amsterdam. Et se trouve à Lyon",1
"Amsterdam. A Paris",1
Amsterdam-Venezia,1
"Amsterdam-Utrech-'s Gravenhage",1
Amsterdam-Paris,1
Amsterdam-Leipzig,1
"Amsterdam y Lipsia",1
"Amsterdam puis Utrecht puis La Haye",1
"Amsterdam en Groningen",1
"Amsterdam [i.e. Yverdon",1
"Amsterdam [i. e. Rouen",1
"Amsterdam [i. e. Montargis",1
"Amsterdam [Dijon",1
"Amsterdam @",1
"Amsterdam : chez Pierre Erialed",1
"Amsterdam : chez Herman Uytwerf",1
"Amsterdam : aux dépens de la Compagnie des perdreaux",1
"Amsterdam : aux dépens de la Compagnie [des libraires",1
"Amsterdam : aux dépens de la Compagnie",1
"Amsterdam : P. Brunel",1
"Amsterdam : A. Van der Kroe",1
"Amsterdam (i.e. Berlin",1
"Amsterdam (Strasbourg",1
"Amsterdam (Frankfurt",1
"Amsterdam (Bruxelles",1
"Amsterdam (Avignon ?",1
"Amsterdam ( -  À Genève",1
"Amsterdam & a Leipsik",1
Amstelredami,1
Amstelredam,1
Amstelraedami,1
Amstelodamum,1
Amsteldami,1
Amstelaemi,1
"Amstelaedami : apud M. M. Rey",1
Amstelaeadmi,1
Amsteladami,1
Amstardan,1
Amstaelodami,1
"Amiens puis Arras",1
"Amboise Choiseul",1
"Ambilly (Hte Savoie",1
Ambiani,1
"Aléthopolis [i.e. Toul",1
"Aléthopolis",1
"Altorphi Noricororum",1
"Altorph. Noric",1
"Altorfii Norimberg",1
"Altorfii Noricor",1
Altorfiae,1
"Altorfi Noricorum",1
"Altorffi Noricorum",1
Altorffi,1
"Altona puis Hamburg",1
Altenburgum,1
Alten-St,1
Alteburgi,1
"Altdorfii Noric",1
"Altdorfi Noricorum",1
Altdorffii,1
Altdorff,1
Allegrini,1
"All' Haya",1
Alkmar,1
Alitopoli,1
Algier,1
Alfort,1
Alestadii,1
"Alenc̜on",1
Alckmdar,1
Alcamariae,1
Alcala,1
Albany,1
Aire,1
"Ai Dijon",1
Aerford,1
Aelst,1
Achen,1
Abooe,1
Aboe,1
Aberdeen,1
"Abdère",1
"Abbaye de Scellières",1
"Aarverici Gelrorum",1
Aarau,1
Aalborg,1
Aachen,1
"A. Ridiculomanie",1
"A. Pasinelli",1
"A. La Haye",1
"A. Halle",1
"A. Francfort",1
"A. Bouillon",1
"A. Annessi [Annecy] : chez J. B. Burd",1
"A. Amsterdam",1
A*******,1
"@ [S. P",1
"@ (Amsterdam",1
"'t Enkhuizen",1
"'sGravenhaage",1
"'sGraavenhage",1
"'s-Gravenhage",1
"'s Gravenhage",1
"'S-Gravenhage",1
